{
  "case": "B5",
  "title": "Solar Declination Rate-of-Change vs. Position Test",
  "n": 9210,
  "julian_year_secs": 31557600.0,
  "actual_ranges": {
    "solar_declination": {
      "min": -23.445192,
      "max": 23.445866,
      "range": 46.891058,
      "spec_min": -23.5,
      "spec_max": 23.5,
      "used": "actual"
    },
    "declination_rate": {
      "min": -0.389796,
      "max": 0.395661,
      "range": 0.785457,
      "spec_min": -0.4,
      "spec_max": 0.4,
      "used": "actual"
    },
    "earth_sun_distance": {
      "min": 0.983219,
      "max": 1.016758,
      "range": 0.033539000000000097,
      "spec_min": 0.983,
      "spec_max": 1.017,
      "used": "actual"
    }
  },
  "variable_stats": {
    "solar_phase": {
      "k16": {
        "chi2": 40.41129207383279,
        "p_chi2": 0.0003929708402873554,
        "cramer_v": 0.01710314286937846,
        "bin_counts": [
          557,
          547,
          548,
          653,
          631,
          578,
          578,
          540,
          508,
          549,
          622,
          559,
          578,
          568,
          631,
          563
        ],
        "rayleigh_R": 0.011208817080340407,
        "p_rayleigh": 0.31439798135829217
      },
      "k24": {
        "chi2": 69.37459283387622,
        "p_chi2": 1.518371402559259e-06,
        "cramer_v": 0.018096996004343686,
        "bin_counts": [
          383,
          370,
          351,
          372,
          405,
          424,
          425,
          423,
          361,
          394,
          363,
          361,
          351,
          333,
          373,
          468,
          343,
          370,
          358,
          411,
          377,
          444,
          361,
          389
        ],
        "rayleigh_R": 0.011208817080340407,
        "p_rayleigh": 0.31439798135829217
      },
      "k32": {
        "chi2": 87.28903365906623,
        "p_chi2": 2.9392132705416355e-07,
        "cramer_v": 0.017485142690592856,
        "bin_counts": [
          283,
          274,
          303,
          244,
          282,
          266,
          371,
          282,
          317,
          314,
          326,
          252,
          285,
          293,
          254,
          286,
          261,
          247,
          280,
          269,
          344,
          278,
          276,
          283,
          277,
          301,
          293,
          275,
          343,
          288,
          284,
          279
        ],
        "rayleigh_R": 0.011208817080340407,
        "p_rayleigh": 0.31439798135829217
      }
    },
    "solar_declination": {
      "k16": {
        "chi2": 2637.9808903365906,
        "p_chi2": 0.0,
        "cramer_v": 0.13818483298153705,
        "bin_counts": [
          1346,
          664,
          491,
          426,
          387,
          421,
          437,
          380,
          364,
          413,
          429,
          403,
          525,
          496,
          657,
          1371
        ],
        "ks_stat": 0.09711085218361992,
        "ks_p": 4.725045244985969e-76
      },
      "k24": {
        "chi2": 3306.612377850163,
        "p_chi2": 0.0,
        "cramer_v": 0.12493896688428802,
        "bin_counts": [
          1113,
          488,
          409,
          349,
          295,
          273,
          258,
          273,
          277,
          284,
          282,
          251,
          238,
          271,
          268,
          277,
          274,
          281,
          360,
          349,
          312,
          411,
          511,
          1106
        ],
        "ks_stat": 0.09711085218361992,
        "ks_p": 4.725045244985969e-76
      },
      "k32": {
        "chi2": 3744.155917480999,
        "p_chi2": 0.0,
        "cramer_v": 0.1145160345346094,
        "bin_counts": [
          959,
          387,
          373,
          291,
          259,
          232,
          224,
          202,
          197,
          190,
          215,
          206,
          228,
          209,
          189,
          191,
          188,
          176,
          225,
          188,
          211,
          218,
          189,
          214,
          270,
          255,
          254,
          242,
          298,
          359,
          414,
          957
        ],
        "ks_stat": 0.09711085218361992,
        "ks_p": 4.725045244985969e-76
      }
    },
    "declination_rate": {
      "k16": {
        "chi2": 4778.739196525516,
        "p_chi2": 0.0,
        "cramer_v": 0.1859864136112067,
        "bin_counts": [
          1568,
          751,
          513,
          459,
          343,
          344,
          296,
          337,
          357,
          322,
          330,
          364,
          464,
          429,
          654,
          1679
        ],
        "ks_stat": 0.1297651406897503,
        "ks_p": 1.1244259300084381e-135
      },
      "k24": {
        "chi2": 5894.547231270358,
        "p_chi2": 0.0,
        "cramer_v": 0.16681361455526658,
        "bin_counts": [
          1294,
          532,
          493,
          345,
          333,
          294,
          235,
          211,
          241,
          204,
          189,
          240,
          222,
          242,
          215,
          204,
          226,
          264,
          312,
          292,
          289,
          388,
          547,
          1398
        ],
        "ks_stat": 0.1297651406897503,
        "ks_p": 1.1244259300084381e-135
      },
      "k32": {
        "chi2": 6633.439739413681,
        "p_chi2": 0.0,
        "cramer_v": 0.1524258873962001,
        "bin_counts": [
          1127,
          441,
          391,
          360,
          252,
          261,
          239,
          220,
          179,
          164,
          159,
          185,
          160,
          136,
          148,
          189,
          158,
          199,
          152,
          170,
          157,
          173,
          164,
          200,
          237,
          227,
          200,
          229,
          280,
          374,
          459,
          1220
        ],
        "ks_stat": 0.1297651406897503,
        "ks_p": 1.1244259300084381e-135
      }
    },
    "earth_sun_distance": {
      "k16": {
        "chi2": 2847.137893593919,
        "p_chi2": 0.0,
        "cramer_v": 0.143558465054642,
        "bin_counts": [
          1403,
          591,
          528,
          468,
          479,
          364,
          397,
          419,
          375,
          383,
          404,
          385,
          409,
          564,
          658,
          1383
        ],
        "ks_stat": 0.1023352041681328,
        "ks_p": 1.9971735041754632e-84
      },
      "k24": {
        "chi2": 3467.831921824104,
        "p_chi2": 0.0,
        "cramer_v": 0.12794852595101422,
        "bin_counts": [
          1141,
          469,
          384,
          362,
          313,
          321,
          308,
          285,
          250,
          273,
          267,
          276,
          236,
          269,
          253,
          257,
          269,
          263,
          271,
          290,
          412,
          448,
          475,
          1118
        ],
        "ks_stat": 0.1023352041681328,
        "ks_p": 1.9971735041754632e-84
      },
      "k32": {
        "chi2": 3959.983930510315,
        "p_chi2": 0.0,
        "cramer_v": 0.1177703727904083,
        "bin_counts": [
          989,
          414,
          324,
          267,
          269,
          259,
          229,
          239,
          245,
          234,
          177,
          187,
          196,
          201,
          206,
          213,
          179,
          196,
          186,
          197,
          195,
          209,
          192,
          193,
          213,
          196,
          231,
          333,
          333,
          325,
          420,
          963
        ],