{
  "case": "A3.B3",
  "title": "Ocean/Coast Sequential Threshold Sensitivity",
  "parameters": {
    "n_catalog": 9210,
    "k_bins": 24,
    "t_inner_km": 50.0,
    "t_outer_steps": [
      200,
      175,
      150,
      125,
      100,
      75,
      50,
      25
    ],
    "sub_proximity_threshold_km": 200.0,
    "julian_year_secs": 31557600.0
  },
  "subduction_proximity": {
    "n_sub_boundary_points": 844,
    "n_near_subduction": 5055,
    "pct_near_subduction": 0.5488599348534202,
    "mean_dist_to_sub_km": 475.4614872543478,
    "median_dist_to_sub_km": 166.60922790633344
  },
  "gcmt_validation": {
    "n_matched": 4874,
    "n_near_sub_matched": 2524,
    "pct_thrust_near_sub": 0.507527733755943,
    "pct_thrust_far_sub": 0.2570212765957447,
    "thrust_enrichment_ratio": 1.9746526065007712,
    "proxy_validated": true
  },
  "threshold_sweep": [
    {
      "t_outer_km": 200.0,
      "t_inner_km": 50.0,
      "oceanic": {
        "n": 1952,
        "chi2_k24": 34.31967213114754,
        "p_chi2_k24": 0.06067500198574723,
        "cramers_v": 0.027648255898695382,
        "bin_counts": [
          80,
          75,
          79,
          69,
          86,
          70,
          77,
          86,
          87,
          91,
          94,
          66,
          79,
          62,
          67,
          107,
          89,
          95,
          85,
          76,
          90,
          91,
          83,
          68
        ],
        "interval_1_z": -0.522708373489316,
        "interval_2_z": 2.846001893175106,
        "interval_3_z": 1.071870842884131,
        "n_near_sub": 343,
        "pct_near_sub": 0.1757172131147541
      },
      "transitional": {
        "n": 3459,
        "chi2_k24": 54.01300954032956,
        "p_chi2_k24": 0.00026662951759511575,
        "cramers_v": 0.026056134607101995,
        "bin_counts": [
          149,
          139,
          110,
          130,
          151,
          169,
          153,
          151,
          128,
          155,
          129,
          155,
          133,
          126,
          141,
          184,
          130,
          116,
          135,
          156,
          138,
          169,
          138,
          174
        ],
        "interval_1_z": 1.8700752033706893,
        "interval_2_z": 3.3214753668085057,
        "interval_3_z": 2.072017548573331,
        "n_near_sub": 2276,
        "pct_near_sub": 0.6579936397802834
      },
      "continental": {
        "n": 3799,
        "chi2_k24": 52.26401684653857,
        "p_chi2_k24": 0.0004607969866364242,
        "cramers_v": 0.024456979965980497,
        "bin_counts": [
          154,
          156,
          162,
          173,
          168,
          185,
          195,
          186,
          146,
          148,
          140,
          140,
          139,
          145,
          165,
          177,
          124,
          159,
          138,
          179,
          149,
          184,
          140,
          147
        ],
        "interval_1_z": 2.046709319883573,
        "interval_2_z": 1.486983239368682,
        "interval_3_z": 2.0433600416268964,
        "n_near_sub": 2436,
        "pct_near_sub": 0.6412213740458015
      },
      "oceanic_significant": false,
      "transitional_significant": true
    },
    {
      "t_outer_km": 175.0,
      "t_inner_km": 50.0,
      "oceanic": {
        "n": 2160,
        "chi2_k24": 36.022222222222226,
        "p_chi2_k24": 0.041038382865555584,
        "cramers_v": 0.026927402183835197,
        "bin_counts": [
          90,
          81,
          86,
          73,
          98,
          82,
          89,
          93,
          97,
          97,
          102,
          80,
          84,
          68,
          77,
          126,
          92,
          98,
          98,
          83,
          98,
          98,
          89,
          81
        ],
        "interval_1_z": 0.0,
        "interval_2_z": 3.794733192202055,
        "interval_3_z": 0.8432740427115678,
        "n_near_sub": 441,
        "pct_near_sub": 0.20416666666666666
      },
      "transitional": {
        "n": 3251,
        "chi2_k24": 44.26422639187942,
        "p_chi2_k24": 0.004885740711516542,
        "cramers_v": 0.024330668212013247,
        "bin_counts": [
          139,
          133,
          103,
          126,
          139,
          157,
          141,
          144,
          118,
          149,
          121,
          141,
          128,
          120,
          131,
          165,
          127,
          113,
          122,
          149,
          130,
          162,
          132,
          161
        ],
        "interval_1_z": 1.5239383134446938,
        "interval_2_z": 2.538236760540313,
        "interval_3_z": 2.2804750584826223,
        "n_near_sub": 2178,
        "pct_near_sub": 0.6699477083974161
      },
      "continental": {
        "n": 3799,
        "chi2_k24": 52.26401684653857,
        "p_chi2_k24": 0.0004607969866364242,
        "cramers_v": 0.024456979965980497,
        "bin_counts": [
          154,
          156,
          162,
          173,
          168,
          185,
          195,
          186,
          146,
          148,
          140,
          140,
          139,
          145,
          165,
          177,
          124,
          159,
          138,
          179,
          149,
          184,
          140,
          147
        ],
        "interval_1_z": 2.046709319883573,
        "interval_2_z": 1.486983239368682,
        "interval_3_z": 2.0433600416268964,
        "n_near_sub": 2436,
        "pct_near_sub": 0.6412213740458015
      },
      "oceanic_significant": true,
      "transitional_significant": true
    },
    {
      "t_outer_km": 150.0,
      "t_inner_km": 50.0,
      "oceanic": {
        "n": 2455,
        "chi2_k24": 38.09653767820774,
        "p_chi2_k24": 0.024870952123162718,
        "cramers_v": 0.025974852348798608,
        "bin_counts": [
          105,
          90,
          93,
          86,
          115,
          94,
          94,
          100,
          110,
          113,
          115,
          96,
          96,
          78,
          85,
          142,
          105,
          106,
          111,
          100,
          107,
          111,
          101,
          102
        ],
        "interval_1_z": 0.30878734853027145,
        "interval_2_z": 3.9261015767947534,
        "interval_3_z": 0.8610233258657954,
        "n_near_sub": 611,
        "pct_near_sub": 0.24887983706720979
      },
      "transitional": {
        "n": 2956,
        "chi2_k24": 39.680649526387015,
        "p_chi2_k24": 0.01668479551066287,
        "cramers_v": 0.02415868289587014,
        "bin_counts": [
          124,
          124,
          96,
          113,
          122,
          145,
          136,
          137,
          105,
          133,
          108,
          125,
          116,
          110,
          123,
          149,
          114,
          105,
          109,
          132,
          121,
          149,
          120,
          140
        ],
        "interval_1_z": 1.3167667239577807,
        "interval_2_z": 2.327736699378354,
        "interval_3_z": 2.327736699378354,
        "n_near_sub": 2008,
        "pct_near_sub": 0.6792963464140731
      },
      "continental": {
        "n": 3799,
        "chi2_k24": 52.26401684653857,
        "p_chi2_k24": 0.0004607969866364242,
        "cramers_v": 0.024456979965980497,
        "bin_counts": [
          154,
          156,
          162,
          173,
          168,
          185,
          195,
          186,
          146,
          148,
          140,
          140,
          139,
          145,
          165,
          177,
          124,
          159,
          138,
          179,
          149,
          184,
          140,
          147
        ],
        "interval_1_z": 2.046709319883573,
        "interval_2_z": 1.486983239368682,