{
  "generated": "2026-02-27T21:06:31.656391+00:00",
  "data_source": "data/global-sets/iscgem_global_events.csv",
  "boundary_file": "lib/pb2002_boundaries.dig",
  "event_count": 9210,
  "phase_coherence": {
    "k16": {
      "top3_bins": [
        3,
        4,
        14
      ],
      "top3_phase_ranges": [
        [
          0.1875,
          0.25
        ],
        [
          0.25,
          0.3125
        ],
        [
          0.875,
          0.9375
        ]
      ],
      "top3_deviations": [
        80.375,
        59.375,
        51.375
      ]
    },
    "k24": {
      "top3_bins": [
        5,
        15,
        21
      ],
      "top3_phase_ranges": [
        [
          0.20833333333333334,
          0.25
        ],
        [
          0.625,
          0.6666666666666666
        ],
        [
          0.875,
          0.9166666666666666
        ]
      ],
      "top3_deviations": [
        42.25,
        80.25,
        58.25
      ]
    },
    "k32": {
      "top3_bins": [
        6,
        20,
        28
      ],
      "top3_phase_ranges": [
        [
          0.1875,
          0.21875
        ],
        [
          0.625,
          0.65625
        ],
        [
          0.875,
          0.90625
        ]
      ],
      "top3_deviations": [
        78.1875,
        52.1875,
        53.1875
      ]
    },
    "combined_elevated_intervals": [
      [
        0.1875,
        0.25
      ],
      [
        0.625,
        0.65625
      ],
      [
        0.875,
        0.9166666666666666
      ]
    ],
    "n_elevated": 1438,
    "elevated_pct_of_catalog": 15.6135,
    "expected_pct_under_null": 13.5417,
    "full_catalog_in_intervals": 1438
  },
  "temporal": {
    "elevated_iei_days": {
      "median": 1.46,
      "mean": 18.2291,
      "p10": 0.0608,
      "p90": 95.616
    },
    "null_iei_median_ci": {
      "p2_5": 11.3732,
      "p50": 12.0527,
      "p97_5": 12.7875
    },
    "elevated_median_outside_null_ci": true
  },
  "spatial": {
    "elevated_nn_km": {
      "p25": 15.537,
      "p50": 35.0652,
      "p75": 83.2017
    },
    "null_nn_median_ci": {
      "p2_5": 37.8192,
      "p50": 41.4221,
      "p97_5": 45.2696
    },
    "elevated_nn_outside_null_ci": true,
    "boundary_proximity": {
      "elevated": {
        "near_boundary_pct": 66.6203,
        "transitional_pct": 26.7733,
        "intraplate_pct": 6.6064
      },
      "full_catalog": {
        "near_boundary_pct": 65.5157,
        "transitional_pct": 26.7861,
        "intraplate_pct": 7.6982
      }
    },
    "latitude_bands": {
      "elevated": {
        "90S-60S": 1.3213,
        "60S-30S": 9.4576,
        "30S-0": 38.178,
        "0-30N": 21.21,
        "30N-60N": 28.9291,
        "60N-90N": 0.904
      },
      "full_catalog": {
        "90S-60S": 1.2052,
        "60S-30S": 11.0098,
        "30S-0": 39.696,
        "0-30N": 22.1064,
        "30N-60N": 25.0489,
        "60N-90N": 0.9338
      }
    }
  },
  "magnitude": {
    "elevated": {
      "6.0-6.4": 1010,
      "6.5-6.9": 282,
      "7.0-7.4": 92,
      "7.5+": 54
    },
    "full_catalog": {
      "6.0-6.4": 6482,
      "6.5-6.9": 1880,
      "7.0-7.4": 577,
      "7.5+": 271
    }
  },
  "declustering_window_estimate": {
    "observed_spatial_p50_km": 35.0652,
    "observed_spatial_p75_km": 83.2017,
    "observed_temporal_p50_days": 1.46,
    "observed_temporal_p75_days": 95.616,
    "gk_reference_m6": {
      "spatial_km": 49,
      "temporal_days": 295
    },
    "gk_reference_m7": {
      "spatial_km": 156,
      "temporal_days": 790
    },
    "gk_reference_m8": {
      "spatial_km": 493,
      "temporal_days": 2117
    },
    "proposed_window": {
      "spatial_km": 83.2,
      "temporal_days": 95.6,
      "basis": "Spatial: 75th percentile of elevated-bin nearest-neighbor distance (83.2 km); Temporal: 90th percentile of elevated-bin IEI (95.6 days). These values capture the observed clustering footprint of the elevated-bin population; they are a data-informed reference point, not a validated declustering algorithm."
    }
  },
  "_iei_count": 1437,
  "_nn_count": 1438
}